STRUCTURE,STRUCTURE_ID,STRUCTURE_NAME,ACTION,FREQ,Frequency of observation,TERRITORIAL_LEVEL,Territorial level,REF_AREA,Reference area,TERRITORIAL_TYPE,Territorial typology,MEASURE,Measure,AGE,Age,SEX,Sex,UNIT_MEASURE,Unit of measure,TIME_PERIOD,Time period,OBS_VALUE,Observation value,COUNTRY,Country,OBS_STATUS,Observation status,UNIT_MULT,Unit multiplier,DECIMALS,Decimals
DATAFLOW,OECD.CFE.EDS:DSD_REG_HEALTH@DF_CARE(1.0),Health care - Regions,I,A,Annual,CTRY,Country,BGR,Bulgaria,_Z,Not applicable,DOC,Active physicians,_T,Total,_T,Total,10P3HB,Per 1 000 inhabitants,2018,,4.22,,BGR,Bulgaria,A,Normal value,0,Units,1,One
DATAFLOW,OECD.CFE.EDS:DSD_REG_HEALTH@DF_CARE(1.0),Health care - Regions,I,A,Annual,CTRY,Country,BGR,Bulgaria,_Z,Not applicable,DOC,Active physicians,_T,Total,_T,Total,10P3HB,Per 1 000 inhabitants,2019,,4.24,,BGR,Bulgaria,A,Normal value,0,Units,1,One
DATAFLOW,OECD.CFE.EDS:DSD_REG_HEALTH@DF_CARE(1.0),Health care - Regions,I,A,Annual,CTRY,Country,BGR,Bulgaria,_Z,Not applicable,DOC,Active physicians,_T,Total,_T,Total,10P3HB,Per 1 000 inhabitants,2020,,4.28,,BGR,Bulgaria,A,Normal value,0,Units,1,One
DATAFLOW,OECD.CFE.EDS:DSD_REG_HEALTH@DF_CARE(1.0),Health care - Regions,I,A,Annual,CTRY,Country,BGR,Bulgaria,_Z,Not applicable,DOC,Active physicians,_T,Total,_T,Total,10P3HB,Per 1 000 inhabitants,2021,,4.3,,BGR,Bulgaria,A,Normal value,0,Units,1,One
DATAFLOW,OECD.CFE.EDS:DSD_REG_HEALTH@DF_CARE(1.0),Health care - Regions,I,A,Annual,CTRY,Country,CHL,Chile,_Z,Not applicable,DOC,Active physicians,_T,Total,_T,Total,10P3HB,Per 1 000 inhabitants,2018,,1.91,,CHL,Chile,A,Normal value,0,Units,1,One
DATAFLOW,OECD.CFE.EDS:DSD_REG_HEALTH@DF_CARE(1.0),Health care - Regions,I,A,Annual,CTRY,Country,CHL,Chile,_Z,Not applicable,DOC,Active physicians,_T,Total,_T,Total,10P3HB,Per 1 000 inhabitants,2019,,1.94,,CHL,Chile,A,Normal value,0,Units,1,One
DATAFLOW,OECD.CFE.EDS:DSD_REG_HEALTH@DF_CARE(1.0),Health care - Regions,I,A,Annual,CTRY,Country,CHL,Chile,_Z,Not applicable,DOC,Active physicians,_T,Total,_T,Total,10P3HB,Per 1 000 inhabitants,2020,,2.38,,CHL,Chile,A,Normal value,0,Units,1,One
DATAFLOW,OECD.CFE.EDS:DSD_REG_HEALTH@DF_CARE(1.0),Health care - Regions,I,A,Annual,CTRY,Country,CHL,Chile,_Z,Not applicable,DOC,Active physicians,_T,Total,_T,Total,10P3HB,Per 1 000 inhabitants,2021,,2.38,,CHL,Chile,A,Normal value,0,Units,1,One
DATAFLOW,OECD.CFE.EDS:DSD_REG_HEALTH@DF_CARE(1.0),Health care - Regions,I,A,Annual,CTRY,Country,CHL,Chile,_Z,Not applicable,DOC,Active physicians,_T,Total,_T,Total,10P3HB,Per 1 000 inhabitants,2022,,2.46,,CHL,Chile,A,Normal value,0,Units,1,One
DATAFLOW,OECD.CFE.EDS:DSD_REG_HEALTH@DF_CARE(1.0),Health care - Regions,I,A,Annual,CTRY,Country,NZL,New Zealand,_Z,Not applicable,DOC,Active physicians,_T,Total,_T,Total,10P3HB,Per 1 000 inhabitants,2018,,3.31,,NZL,New Zealand,A,Normal value,0,Units,1,One
DATAFLOW,OECD.CFE.EDS:DSD_REG_HEALTH@DF_CARE(1.0),Health care - Regions,I,A,Annual,CTRY,Country,NZL,New Zealand,_Z,Not applicable,DOC,Active physicians,_T,Total,_T,Total,10P3HB,Per 1 000 inhabitants,2019,,3.4,,NZL,New Zealand,A,Normal value,0,Units,1,One
DATAFLOW,OECD.CFE.EDS:DSD_REG_HEALTH@DF_CARE(1.0),Health care - Regions,I,A,Annual,CTRY,Country,ESP,Spain,_Z,Not applicable,DOC,Active physicians,_T,Total,_T,Total,10P3HB,Per 1 000 inhabitants,2018,,4.02,,ESP,Spain,E,Estimated value,0,Units,1,One
DATAFLOW,OECD.CFE.EDS:DSD_REG_HEALTH@DF_CARE(1.0),Health care - Regions,I,A,Annual,CTRY,Country,ESP,Spain,_Z,Not applicable,DOC,Active physicians,_T,Total,_T,Total,10P3HB,Per 1 000 inhabitants,2019,,4.4,,ESP,Spain,E,Estimated value,0,Units,1,One
DATAFLOW,OECD.CFE.EDS:DSD_REG_HEALTH@DF_CARE(1.0),Health care - Regions,I,A,Annual,CTRY,Country,ESP,Spain,_Z,Not applicable,DOC,Active physicians,_T,Total,_T,Total,10P3HB,Per 1 000 inhabitants,2020,,4.58,,ESP,Spain,E,Estimated value,0,Units,1,One
DATAFLOW,OECD.CFE.EDS:DSD_REG_HEALTH@DF_CARE(1.0),Health care - Regions,I,A,Annual,CTRY,Country,ESP,Spain,_Z,Not applicable,DOC,Active physicians,_T,Total,_T,Total,10P3HB,Per 1 000 inhabitants,2021,,4.49,,ESP,Spain,E,Estimated value,0,Units,1,One
DATAFLOW,OECD.CFE.EDS:DSD_REG_HEALTH@DF_CARE(1.0),Health care - Regions,I,A,Annual,CTRY,Country,MEX,Mexico,_Z,Not applicable,DOC,Active physicians,_T,Total,_T,Total,10P3HB,Per 1 000 inhabitants,2018,,1.59,,MEX,Mexico,A,Normal value,0,Units,1,One
DATAFLOW,OECD.CFE.EDS:DSD_REG_HEALTH@DF_CARE(1.0),Health care - Regions,I,A,Annual,CTRY,Country,MEX,Mexico,_Z,Not applicable,DOC,Active physicians,_T,Total,_T,Total,10P3HB,Per 1 000 inhabitants,2019,,1.6,,MEX,Mexico,A,Normal value,0,Units,1,One
DATAFLOW,OECD.CFE.EDS:DSD_REG_HEALTH@DF_CARE(1.0),Health care - Regions,I,A,Annual,CTRY,Country,MEX,Mexico,_Z,Not applicable,DOC,Active physicians,_T,Total,_T,Total,10P3HB,Per 1 000 inhabitants,2020,,1.02,,MEX,Mexico,A,Normal value,0,Units,1,One
DATAFLOW,OECD.CFE.EDS:DSD_REG_HEALTH@DF_CARE(1.0),Health care - Regions,I,A,Annual,CTRY,Country,MEX,Mexico,_Z,Not applicable,DOC,Active physicians,_T,Total,_T,Total,10P3HB,Per 1 000 inhabitants,2021,,1.48,,MEX,Mexico,A,Normal value,0,Units,1,One
DATAFLOW,OECD.CFE.EDS:DSD_REG_HEALTH@DF_CARE(1.0),Health care - Regions,I,A,Annual,CTRY,Country,NOR,Norway,_Z,Not applicable,DOC,Active physicians,_T,Total,_T,Total,10P3HB,Per 1 000 inhabitants,2018,,4.86,,NOR,Norway,A,Normal value,0,Units,1,One
DATAFLOW,OECD.CFE.EDS:DSD_REG_HEALTH@DF_CARE(1.0),Health care - Regions,I,A,Annual,CTRY,Country,NOR,Norway,_Z,Not applicable,DOC,Active physicians,_T,Total,_T,Total,10P3HB,Per 1 000 inhabitants,2019,,4.97,,NOR,Norway,A,Normal value,0,Units,1,One
DATAFLOW,OECD.CFE.EDS:DSD_REG_HEALTH@DF_CARE(1.0),Health care - Regions,I,A,Annual,CTRY,Country,NOR,Norway,_Z,Not applicable,DOC,Active physicians,_T,Total,_T,Total,10P3HB,Per 1 000 inhabitants,2020,,5.09,,NOR,Norway,A,Normal value,0,Units,1,One
DATAFLOW,OECD.CFE.EDS:DSD_REG_HEALTH@DF_CARE(1.0),Health care - Regions,I,A,Annual,CTRY,Country,NOR,Norway,_Z,Not applicable,DOC,Active physicians,_T,Total,_T,Total,10P3HB,Per 1 000 inhabitants,2021,,5.16,,NOR,Norway,A,Normal value,0,Units,1,One
DATAFLOW,OECD.CFE.EDS:DSD_REG_HEALTH@DF_CARE(1.0),Health care - Regions,I,A,Annual,CTRY,Country,BEL,Belgium,_Z,Not applicable,DOC,Active physicians,_T,Total,_T,Total,10P3HB,Per 1 000 inhabitants,2018,,3.13,,BEL,Belgium,A,Normal value,0,Units,1,One
DATAFLOW,OECD.CFE.EDS:DSD_REG_HEALTH@DF_CARE(1.0),Health care - Regions,I,A,Annual,CTRY,Country,BEL,Belgium,_Z,Not applicable,DOC,Active physicians,_T,Total,_T,Total,10P3HB,Per 1 000 inhabitants,2019,,3.16,,BEL,Belgium,A,Normal value,0,Units,1,One
DATAFLOW,OECD.CFE.EDS:DSD_REG_HEALTH@DF_CARE(1.0),Health care - Regions,I,A,Annual,CTRY,Country,BEL,Belgium,_Z,Not applicable,DOC,Active physicians,_T,Total,_T,Total,10P3HB,Per 1 000 inhabitants,2020,,3.21,,BEL,Belgium,A,Normal value,0,Units,1,One
DATAFLOW,OECD.CFE.EDS:DSD_REG_HEALTH@DF_CARE(1.0),Health care - Regions,I,A,Annual,CTRY,Country,BEL,Belgium,_Z,Not applicable,DOC,Active physicians,_T,Total,_T,Total,10P3HB,Per 1 000 inhabitants,2021,,3.25,,BEL,Belgium,A,Normal value,0,Units,1,One
DATAFLOW,OECD.CFE.EDS:DSD_REG_HEALTH@DF_CARE(1.0),Health care - Regions,I,A,Annual,CTRY,Country,EST,Estonia,_Z,Not applicable,DOC,Active physicians,_T,Total,_T,Total,10P3HB,Per 1 000 inhabitants,2018,,3.48,,EST,Estonia,A,Normal value,0,Units,1,One
DATAFLOW,OECD.CFE.EDS:DSD_REG_HEALTH@DF_CARE(1.0),Health care - Regions,I,A,Annual,CTRY,Country,EST,Estonia,_Z,Not applicable,DOC,Active physicians,_T,Total,_T,Total,10P3HB,Per 1 000 inhabitants,2019,,3.47,,EST,Estonia,A,Normal value,0,Units,1,One
DATAFLOW,OECD.CFE.EDS:DSD_REG_HEALTH@DF_CARE(1.0),Health care - Regions,I,A,Annual,CTRY,Country,IRL,Ireland,_Z,Not applicable,DOC,Active physicians,_T,Total,_T,Total,10P3HB,Per 1 000 inhabitants,2018,,3.3,,IRL,Ireland,A,Normal value,0,Units,1,One
DATAFLOW,OECD.CFE.EDS:DSD_REG_HEALTH@DF_CARE(1.0),Health care - Regions,I,A,Annual,CTRY,Country,IRL,Ireland,_Z,Not applicable,DOC,Active physicians,_T,Total,_T,Total,10P3HB,Per 1 000 inhabitants,2019,,3.34,,IRL,Ireland,A,Normal value,0,Units,1,One
DATAFLOW,OECD.CFE.EDS:DSD_REG_HEALTH@DF_CARE(1.0),Health care - Regions,I,A,Annual,CTRY,Country,IRL,Ireland,_Z,Not applicable,DOC,Active physicians,_T,Total,_T,Total,10P3HB,Per 1 000 inhabitants,2020,,3.47,,IRL,Ireland,A,Normal value,0,Units,1,One
DATAFLOW,OECD.CFE.EDS:DSD_REG_HEALTH@DF_CARE(1.0),Health care - Regions,I,A,Annual,CTRY,Country,IRL,Ireland,_Z,Not applicable,DOC,Active physicians,_T,Total,_T,Total,10P3HB,Per 1 000 inhabitants,2021,,4.05,,IRL,Ireland,B,Time series break,0,Units,1,One
DATAFLOW,OECD.CFE.EDS:DSD_REG_HEALTH@DF_CARE(1.0),Health care - Regions,I,A,Annual,CTRY,Country,SVN,Slovenia,_Z,Not applicable,DOC,Active physicians,_T,Total,_T,Total,10P3HB,Per 1 000 inhabitants,2018,,3.18,,SVN,Slovenia,A,Normal value,0,Units,1,One
DATAFLOW,OECD.CFE.EDS:DSD_REG_HEALTH@DF_CARE(1.0),Health care - Regions,I,A,Annual,CTRY,Country,SVN,Slovenia,_Z,Not applicable,DOC,Active physicians,_T,Total,_T,Total,10P3HB,Per 1 000 inhabitants,2019,,3.26,,SVN,Slovenia,A,Normal value,0,Units,1,One
DATAFLOW,OECD.CFE.EDS:DSD_REG_HEALTH@DF_CARE(1.0),Health care - Regions,I,A,Annual,CTRY,Country,SVN,Slovenia,_Z,Not applicable,DOC,Active physicians,_T,Total,_T,Total,10P3HB,Per 1 000 inhabitants,2020,,3.3,,SVN,Slovenia,A,Normal value,0,Units,1,One
DATAFLOW,OECD.CFE.EDS:DSD_REG_HEALTH@DF_CARE(1.0),Health care - Regions,I,A,Annual,CTRY,Country,SVN,Slovenia,_Z,Not applicable,DOC,Active physicians,_T,Total,_T,Total,10P3HB,Per 1 000 inhabitants,2021,,3.34,,SVN,Slovenia,A,Normal value,0,Units,1,One
DATAFLOW,OECD.CFE.EDS:DSD_REG_HEALTH@DF_CARE(1.0),Health care - Regions,I,A,Annual,CTRY,Country,CZE,Czechia,_Z,Not applicable,DOC,Active physicians,_T,Total,_T,Total,10P3HB,Per 1 000 inhabitants,2018,,4.04,,CZE,Czechia,E,Estimated value,0,Units,1,One
DATAFLOW,OECD.CFE.EDS:DSD_REG_HEALTH@DF_CARE(1.0),Health care - Regions,I,A,Annual,CTRY,Country,CZE,Czechia,_Z,Not applicable,DOC,Active physicians,_T,Total,_T,Total,10P3HB,Per 1 000 inhabitants,2019,,4.07,,CZE,Czechia,E,Estimated value,0,Units,1,One
DATAFLOW,OECD.CFE.EDS:DSD_REG_HEALTH@DF_CARE(1.0),Health care - Regions,I,A,Annual,CTRY,Country,CZE,Czechia,_Z,Not applicable,DOC,Active physicians,_T,Total,_T,Total,10P3HB,Per 1 000 inhabitants,2020,,4.09,,CZE,Czechia,E,Estimated value,0,Units,1,One
DATAFLOW,OECD.CFE.EDS:DSD_REG_HEALTH@DF_CARE(1.0),Health care - Regions,I,A,Annual,CTRY,Country,CZE,Czechia,_Z,Not applicable,DOC,Active physicians,_T,Total,_T,Total,10P3HB,Per 1 000 inhabitants,2021,,4.21,,CZE,Czechia,E,Estimated value,0,Units,1,One
DATAFLOW,OECD.CFE.EDS:DSD_REG_HEALTH@DF_CARE(1.0),Health care - Regions,I,A,Annual,CTRY,Country,RUS,Russia,_Z,Not applicable,DOC,Active physicians,_T,Total,_T,Total,10P3HB,Per 1 000 inhabitants,2018,,4.81,,RUS,Russia,A,Normal value,0,Units,1,One
DATAFLOW,OECD.CFE.EDS:DSD_REG_HEALTH@DF_CARE(1.0),Health care - Regions,I,A,Annual,CTRY,Country,RUS,Russia,_Z,Not applicable,DOC,Active physicians,_T,Total,_T,Total,10P3HB,Per 1 000 inhabitants,2019,,4.89,,RUS,Russia,A,Normal value,0,Units,1,One
DATAFLOW,OECD.CFE.EDS:DSD_REG_HEALTH@DF_CARE(1.0),Health care - Regions,I,A,Annual,CTRY,Country,GBR,United Kingdom,_Z,Not applicable,DOC,Active physicians,_T,Total,_T,Total,10P3HB,Per 1 000 inhabitants,2018,,2.84,,GBR,United Kingdom,A,Normal value,0,Units,1,One
DATAFLOW,OECD.CFE.EDS:DSD_REG_HEALTH@DF_CARE(1.0),Health care - Regions,I,A,Annual,CTRY,Country,GBR,United Kingdom,_Z,Not applicable,DOC,Active physicians,_T,Total,_T,Total,10P3HB,Per 1 000 inhabitants,2019,,2.94,,GBR,United Kingdom,A,Normal value,0,Units,1,One
DATAFLOW,OECD.CFE.EDS:DSD_REG_HEALTH@DF_CARE(1.0),Health care - Regions,I,A,Annual,CTRY,Country,SVK,Slovak Republic,_Z,Not applicable,DOC,Active physicians,_T,Total,_T,Total,10P3HB,Per 1 000 inhabitants,2018,,3.52,,SVK,Slovak Republic,A,Normal value,0,Units,1,One
DATAFLOW,OECD.CFE.EDS:DSD_REG_HEALTH@DF_CARE(1.0),Health care - Regions,I,A,Annual,CTRY,Country,SVK,Slovak Republic,_Z,Not applicable,DOC,Active physicians,_T,Total,_T,Total,10P3HB,Per 1 000 inhabitants,2019,,3.57,,SVK,Slovak Republic,A,Normal value,0,Units,1,One
DATAFLOW,OECD.CFE.EDS:DSD_REG_HEALTH@DF_CARE(1.0),Health care - Regions,I,A,Annual,CTRY,Country,SVK,Slovak Republic,_Z,Not applicable,DOC,Active physicians,_T,Total,_T,Total,10P3HB,Per 1 000 inhabitants,2020,,3.67,,SVK,Slovak Republic,A,Normal value,0,Units,1,One
DATAFLOW,OECD.CFE.EDS:DSD_REG_HEALTH@DF_CARE(1.0),Health care - Regions,I,A,Annual,CTRY,Country,SVK,Slovak Republic,_Z,Not applicable,DOC,Active physicians,_T,Total,_T,Total,10P3HB,Per 1 000 inhabitants,2021,,3.68,,SVK,Slovak Republic,A,Normal value,0,Units,1,One
DATAFLOW,OECD.CFE.EDS:DSD_REG_HEALTH@DF_CARE(1.0),Health care - Regions,I,A,Annual,CTRY,Country,ISR,Israel,_Z,Not applicable,DOC,Active physicians,_T,Total,_T,Total,10P3HB,Per 1 000 inhabitants,2018,,3.49,,ISR,Israel,A,Normal value,0,Units,1,One
DATAFLOW,OECD.CFE.EDS:DSD_REG_HEALTH@DF_CARE(1.0),Health care - Regions,I,A,Annual,CTRY,Country,ISR,Israel,_Z,Not applicable,DOC,Active physicians,_T,Total,_T,Total,10P3HB,Per 1 000 inhabitants,2019,,3.57,,ISR,Israel,A,Normal value,0,Units,1,One
DATAFLOW,OECD.CFE.EDS:DSD_REG_HEALTH@DF_CARE(1.0),Health care - Regions,I,A,Annual,CTRY,Country,ISR,Israel,_Z,Not applicable,DOC,Active physicians,_T,Total,_T,Total,10P3HB,Per 1 000 inhabitants,2020,,3.62,,ISR,Israel,A,Normal value,0,Units,1,One
DATAFLOW,OECD.CFE.EDS:DSD_REG_HEALTH@DF_CARE(1.0),Health care - Regions,I,A,Annual,CTRY,Country,LTU,Lithuania,_Z,Not applicable,DOC,Active physicians,_T,Total,_T,Total,10P3HB,Per 1 000 inhabitants,2018,,4.6,,LTU,Lithuania,A,Normal value,0,Units,1,One
DATAFLOW,OECD.CFE.EDS:DSD_REG_HEALTH@DF_CARE(1.0),Health care - Regions,I,A,Annual,CTRY,Country,LTU,Lithuania,_Z,Not applicable,DOC,Active physicians,_T,Total,_T,Total,10P3HB,Per 1 000 inhabitants,2019,,4.57,,LTU,Lithuania,A,Normal value,0,Units,1,One
DATAFLOW,OECD.CFE.EDS:DSD_REG_HEALTH@DF_CARE(1.0),Health care - Regions,I,A,Annual,CTRY,Country,LTU,Lithuania,_Z,Not applicable,DOC,Active physicians,_T,Total,_T,Total,10P3HB,Per 1 000 inhabitants,2020,,4.48,,LTU,Lithuania,A,Normal value,0,Units,1,One
DATAFLOW,OECD.CFE.EDS:DSD_REG_HEALTH@DF_CARE(1.0),Health care - Regions,I,A,Annual,CTRY,Country,LTU,Lithuania,_Z,Not applicable,DOC,Active physicians,_T,Total,_T,Total,10P3HB,Per 1 000 inhabitants,2021,,4.47,,LTU,Lithuania,A,Normal value,0,Units,1,One
DATAFLOW,OECD.CFE.EDS:DSD_REG_HEALTH@DF_CARE(1.0),Health care - Regions,I,A,Annual,CTRY,Country,LVA,Latvia,_Z,Not applicable,DOC,Active physicians,_T,Total,_T,Total,10P3HB,Per 1 000 inhabitants,2018,,3.3,,LVA,Latvia,A,Normal value,0,Units,1,One
DATAFLOW,OECD.CFE.EDS:DSD_REG_HEALTH@DF_CARE(1.0),Health care - Regions,I,A,Annual,CTRY,Country,LVA,Latvia,_Z,Not applicable,DOC,Active physicians,_T,Total,_T,Total,10P3HB,Per 1 000 inhabitants,2019,,3.27,,LVA,Latvia,A,Normal value,0,Units,1,One
DATAFLOW,OECD.CFE.EDS:DSD_REG_HEALTH@DF_CARE(1.0),Health care - Regions,I,A,Annual,CTRY,Country,DNK,Denmark,_Z,Not applicable,DOC,Active physicians,_T,Total,_T,Total,10P3HB,Per 1 000 inhabitants,2018,,4.2,,DNK,Denmark,A,Normal value,0,Units,1,One
DATAFLOW,OECD.CFE.EDS:DSD_REG_HEALTH@DF_CARE(1.0),Health care - Regions,I,A,Annual,CTRY,Country,DNK,Denmark,_Z,Not applicable,DOC,Active physicians,_T,Total,_T,Total,10P3HB,Per 1 000 inhabitants,2019,,4.25,,DNK,Denmark,A,Normal value,0,Units,1,One
DATAFLOW,OECD.CFE.EDS:DSD_REG_HEALTH@DF_CARE(1.0),Health care - Regions,I,A,Annual,CTRY,Country,DNK,Denmark,_Z,Not applicable,DOC,Active physicians,_T,Total,_T,Total,10P3HB,Per 1 000 inhabitants,2020,,4.38,,DNK,Denmark,A,Normal value,0,Units,1,One
DATAFLOW,OECD.CFE.EDS:DSD_REG_HEALTH@DF_CARE(1.0),Health care - Regions,I,A,Annual,CTRY,Country,NLD,Netherlands,_Z,Not applicable,DOC,Active physicians,_T,Total,_T,Total,10P3HB,Per 1 000 inhabitants,2018,,3.67,,NLD,Netherlands,B,Time series break,0,Units,1,One
DATAFLOW,OECD.CFE.EDS:DSD_REG_HEALTH@DF_CARE(1.0),Health care - Regions,I,A,Annual,CTRY,Country,NLD,Netherlands,_Z,Not applicable,DOC,Active physicians,_T,Total,_T,Total,10P3HB,Per 1 000 inhabitants,2019,,3.75,,NLD,Netherlands,A,Normal value,0,Units,1,One
DATAFLOW,OECD.CFE.EDS:DSD_REG_HEALTH@DF_CARE(1.0),Health care - Regions,I,A,Annual,CTRY,Country,NLD,Netherlands,_Z,Not applicable,DOC,Active physicians,_T,Total,_T,Total,10P3HB,Per 1 000 inhabitants,2020,,3.85,,NLD,Netherlands,A,Normal value,0,Units,1,One
DATAFLOW,OECD.CFE.EDS:DSD_REG_HEALTH@DF_CARE(1.0),Health care - Regions,I,A,Annual,CTRY,Country,NLD,Netherlands,_Z,Not applicable,DOC,Active physicians,_T,Total,_T,Total,10P3HB,Per 1 000 inhabitants,2021,,3.9,,NLD,Netherlands,A,Normal value,0,Units,1,One
DATAFLOW,OECD.CFE.EDS:DSD_REG_HEALTH@DF_CARE(1.0),Health care - Regions,I,A,Annual,CTRY,Country,GRC,Greece,_Z,Not applicable,DOC,Active physicians,_T,Total,_T,Total,10P3HB,Per 1 000 inhabitants,2018,,6.1,,GRC,Greece,D,Definition differs,0,Units,1,One
DATAFLOW,OECD.CFE.EDS:DSD_REG_HEALTH@DF_CARE(1.0),Health care - Regions,I,A,Annual,CTRY,Country,GRC,Greece,_Z,Not applicable,DOC,Active physicians,_T,Total,_T,Total,10P3HB,Per 1 000 inhabitants,2019,,6.16,,GRC,Greece,D,Definition differs,0,Units,1,One
DATAFLOW,OECD.CFE.EDS:DSD_REG_HEALTH@DF_CARE(1.0),Health care - Regions,I,A,Annual,CTRY,Country,GRC,Greece,_Z,Not applicable,DOC,Active physicians,_T,Total,_T,Total,10P3HB,Per 1 000 inhabitants,2020,,6.19,,GRC,Greece,D,Definition differs,0,Units,1,One
DATAFLOW,OECD.CFE.EDS:DSD_REG_HEALTH@DF_CARE(1.0),Health care - Regions,I,A,Annual,CTRY,Country,GRC,Greece,_Z,Not applicable,DOC,Active physicians,_T,Total,_T,Total,10P3HB,Per 1 000 inhabitants,2021,,6.29,,GRC,Greece,D,Definition differs,0,Units,1,One
DATAFLOW,OECD.CFE.EDS:DSD_REG_HEALTH@DF_CARE(1.0),Health care - Regions,I,A,Annual,CTRY,Country,KOR,Korea,_Z,Not applicable,DOC,Active physicians,_T,Total,_T,Total,10P3HB,Per 1 000 inhabitants,2018,,2.39,,KOR,Korea,A,Normal value,0,Units,1,One
DATAFLOW,OECD.CFE.EDS:DSD_REG_HEALTH@DF_CARE(1.0),Health care - Regions,I,A,Annual,CTRY,Country,KOR,Korea,_Z,Not applicable,DOC,Active physicians,_T,Total,_T,Total,10P3HB,Per 1 000 inhabitants,2019,,2.46,,KOR,Korea,A,Normal value,0,Units,1,One
DATAFLOW,OECD.CFE.EDS:DSD_REG_HEALTH@DF_CARE(1.0),Health care - Regions,I,A,Annual,CTRY,Country,KOR,Korea,_Z,Not applicable,DOC,Active physicians,_T,Total,_T,Total,10P3HB,Per 1 000 inhabitants,2020,,2.51,,KOR,Korea,A,Normal value,0,Units,1,One
DATAFLOW,OECD.CFE.EDS:DSD_REG_HEALTH@DF_CARE(1.0),Health care - Regions,I,A,Annual,CTRY,Country,KOR,Korea,_Z,Not applicable,DOC,Active physicians,_T,Total,_T,Total,10P3HB,Per 1 000 inhabitants,2021,,2.56,,KOR,Korea,A,Normal value,0,Units,1,One
DATAFLOW,OECD.CFE.EDS:DSD_REG_HEALTH@DF_CARE(1.0),Health care - Regions,I,A,Annual,CTRY,Country,AUT,Austria,_Z,Not applicable,DOC,Active physicians,_T,Total,_T,Total,10P3HB,Per 1 000 inhabitants,2018,,5.22,,AUT,Austria,A,Normal value,0,Units,1,One
DATAFLOW,OECD.CFE.EDS:DSD_REG_HEALTH@DF_CARE(1.0),Health care - Regions,I,A,Annual,CTRY,Country,AUT,Austria,_Z,Not applicable,DOC,Active physicians,_T,Total,_T,Total,10P3HB,Per 1 000 inhabitants,2019,,5.29,,AUT,Austria,A,Normal value,0,Units,1,One
DATAFLOW,OECD.CFE.EDS:DSD_REG_HEALTH@DF_CARE(1.0),Health care - Regions,I,A,Annual,CTRY,Country,AUT,Austria,_Z,Not applicable,DOC,Active physicians,_T,Total,_T,Total,10P3HB,Per 1 000 inhabitants,2020,,5.32,,AUT,Austria,A,Normal value,0,Units,1,One
DATAFLOW,OECD.CFE.EDS:DSD_REG_HEALTH@DF_CARE(1.0),Health care - Regions,I,A,Annual,CTRY,Country,AUT,Austria,_Z,Not applicable,DOC,Active physicians,_T,Total,_T,Total,10P3HB,Per 1 000 inhabitants,2021,,5.41,,AUT,Austria,A,Normal value,0,Units,1,One
DATAFLOW,OECD.CFE.EDS:DSD_REG_HEALTH@DF_CARE(1.0),Health care - Regions,I,A,Annual,CTRY,Country,AUT,Austria,_Z,Not applicable,DOC,Active physicians,_T,Total,_T,Total,10P3HB,Per 1 000 inhabitants,2022,,5.47,,AUT,Austria,A,Normal value,0,Units,1,One
DATAFLOW,OECD.CFE.EDS:DSD_REG_HEALTH@DF_CARE(1.0),Health care - Regions,I,A,Annual,CTRY,Country,MLT,Malta,_Z,Not applicable,DOC,Active physicians,_T,Total,_T,Total,10P3HB,Per 1 000 inhabitants,2018,,3.97,,MLT,Malta,A,Normal value,0,Units,1,One
DATAFLOW,OECD.CFE.EDS:DSD_REG_HEALTH@DF_CARE(1.0),Health care - Regions,I,A,Annual,CTRY,Country,ITA,Italy,_Z,Not applicable,DOC,Active physicians,_T,Total,_T,Total,10P3HB,Per 1 000 inhabitants,2018,,4,,ITA,Italy,A,Normal value,0,Units,1,One
DATAFLOW,OECD.CFE.EDS:DSD_REG_HEALTH@DF_CARE(1.0),Health care - Regions,I,A,Annual,CTRY,Country,ITA,Italy,_Z,Not applicable,DOC,Active physicians,_T,Total,_T,Total,10P3HB,Per 1 000 inhabitants,2019,,4.05,,ITA,Italy,A,Normal value,0,Units,1,One
DATAFLOW,OECD.CFE.EDS:DSD_REG_HEALTH@DF_CARE(1.0),Health care - Regions,I,A,Annual,CTRY,Country,ITA,Italy,_Z,Not applicable,DOC,Active physicians,_T,Total,_T,Total,10P3HB,Per 1 000 inhabitants,2020,,4,,ITA,Italy,A,Normal value,0,Units,1,One
DATAFLOW,OECD.CFE.EDS:DSD_REG_HEALTH@DF_CARE(1.0),Health care - Regions,I,A,Annual,CTRY,Country,ITA,Italy,_Z,Not applicable,DOC,Active physicians,_T,Total,_T,Total,10P3HB,Per 1 000 inhabitants,2021,,4.1,,ITA,Italy,A,Normal value,0,Units,1,One
DATAFLOW,OECD.CFE.EDS:DSD_REG_HEALTH@DF_CARE(1.0),Health care - Regions,I,A,Annual,CTRY,Country,ITA,Italy,_Z,Not applicable,DOC,Active physicians,_T,Total,_T,Total,10P3HB,Per 1 000 inhabitants,2022,,4.26,,ITA,Italy,P,Provisional value,0,Units,1,One
DATAFLOW,OECD.CFE.EDS:DSD_REG_HEALTH@DF_CARE(1.0),Health care - Regions,I,A,Annual,CTRY,Country,FIN,Finland,_Z,Not applicable,DOC,Active physicians,_T,Total,_T,Total,10P3HB,Per 1 000 inhabitants,2018,,3.49,,FIN,Finland,A,Normal value,0,Units,1,One
DATAFLOW,OECD.CFE.EDS:DSD_REG_HEALTH@DF_CARE(1.0),Health care - Regions,I,A,Annual,CTRY,Country,FIN,Finland,_Z,Not applicable,DOC,Active physicians,_T,Total,_T,Total,10P3HB,Per 1 000 inhabitants,2019,,3.57,,FIN,Finland,A,Normal value,0,Units,1,One
DATAFLOW,OECD.CFE.EDS:DSD_REG_HEALTH@DF_CARE(1.0),Health care - Regions,I,A,Annual,CTRY,Country,FIN,Finland,_Z,Not applicable,DOC,Active physicians,_T,Total,_T,Total,10P3HB,Per 1 000 inhabitants,2020,,3.61,,FIN,Finland,A,Normal value,0,Units,1,One
DATAFLOW,OECD.CFE.EDS:DSD_REG_HEALTH@DF_CARE(1.0),Health care - Regions,I,A,Annual,CTRY,Country,SWE,Sweden,_Z,Not applicable,DOC,Active physicians,_T,Total,_T,Total,10P3HB,Per 1 000 inhabitants,2018,,4.32,,SWE,Sweden,A,Normal value,0,Units,1,One
DATAFLOW,OECD.CFE.EDS:DSD_REG_HEALTH@DF_CARE(1.0),Health care - Regions,I,A,Annual,CTRY,Country,SWE,Sweden,_Z,Not applicable,DOC,Active physicians,_T,Total,_T,Total,10P3HB,Per 1 000 inhabitants,2019,,4.29,,SWE,Sweden,A,Normal value,0,Units,1,One
DATAFLOW,OECD.CFE.EDS:DSD_REG_HEALTH@DF_CARE(1.0),Health care - Regions,I,A,Annual,CTRY,Country,SWE,Sweden,_Z,Not applicable,DOC,Active physicians,_T,Total,_T,Total,10P3HB,Per 1 000 inhabitants,2020,,4.32,,SWE,Sweden,A,Normal value,0,Units,1,One
DATAFLOW,OECD.CFE.EDS:DSD_REG_HEALTH@DF_CARE(1.0),Health care - Regions,I,A,Annual,CTRY,Country,SRB,Serbia,_Z,Not applicable,DOC,Active physicians,_T,Total,_T,Total,10P3HB,Per 1 000 inhabitants,2018,,2.97,,SRB,Serbia,D,Definition differs,0,Units,1,One
DATAFLOW,OECD.CFE.EDS:DSD_REG_HEALTH@DF_CARE(1.0),Health care - Regions,I,A,Annual,CTRY,Country,SRB,Serbia,_Z,Not applicable,DOC,Active physicians,_T,Total,_T,Total,10P3HB,Per 1 000 inhabitants,2020,,2.87,,SRB,Serbia,B,Time series break,0,Units,1,One
DATAFLOW,OECD.CFE.EDS:DSD_REG_HEALTH@DF_CARE(1.0),Health care - Regions,I,A,Annual,CTRY,Country,SRB,Serbia,_Z,Not applicable,DOC,Active physicians,_T,Total,_T,Total,10P3HB,Per 1 000 inhabitants,2021,,3.01,,SRB,Serbia,D,Definition differs,0,Units,1,One
DATAFLOW,OECD.CFE.EDS:DSD_REG_HEALTH@DF_CARE(1.0),Health care - Regions,I,A,Annual,CTRY,Country,HUN,Hungary,_Z,Not applicable,DOC,Active physicians,_T,Total,_T,Total,10P3HB,Per 1 000 inhabitants,2018,,3.38,,HUN,Hungary,A,Normal value,0,Units,1,One
DATAFLOW,OECD.CFE.EDS:DSD_REG_HEALTH@DF_CARE(1.0),Health care - Regions,I,A,Annual,CTRY,Country,HUN,Hungary,_Z,Not applicable,DOC,Active physicians,_T,Total,_T,Total,10P3HB,Per 1 000 inhabitants,2019,,3.49,,HUN,Hungary,A,Normal value,0,Units,1,One
DATAFLOW,OECD.CFE.EDS:DSD_REG_HEALTH@DF_CARE(1.0),Health care - Regions,I,A,Annual,CTRY,Country,HUN,Hungary,_Z,Not applicable,DOC,Active physicians,_T,Total,_T,Total,10P3HB,Per 1 000 inhabitants,2020,,3.14,,HUN,Hungary,A,Normal value,0,Units,1,One
DATAFLOW,OECD.CFE.EDS:DSD_REG_HEALTH@DF_CARE(1.0),Health care - Regions,I,A,Annual,CTRY,Country,HUN,Hungary,_Z,Not applicable,DOC,Active physicians,_T,Total,_T,Total,10P3HB,Per 1 000 inhabitants,2021,,3.3,,HUN,Hungary,A,Normal value,0,Units,1,One
DATAFLOW,OECD.CFE.EDS:DSD_REG_HEALTH@DF_CARE(1.0),Health care - Regions,I,A,Annual,CTRY,Country,COL,Colombia,_Z,Not applicable,DOC,Active physicians,_T,Total,_T,Total,10P3HB,Per 1 000 inhabitants,2018,,2.25,,COL,Colombia,A,Normal value,0,Units,1,One
DATAFLOW,OECD.CFE.EDS:DSD_REG_HEALTH@DF_CARE(1.0),Health care - Regions,I,A,Annual,CTRY,Country,COL,Colombia,_Z,Not applicable,DOC,Active physicians,_T,Total,_T,Total,10P3HB,Per 1 000 inhabitants,2019,,2.29,,COL,Colombia,A,Normal value,0,Units,1,One
DATAFLOW,OECD.CFE.EDS:DSD_REG_HEALTH@DF_CARE(1.0),Health care - Regions,I,A,Annual,CTRY,Country,COL,Colombia,_Z,Not applicable,DOC,Active physicians,_T,Total,_T,Total,10P3HB,Per 1 000 inhabitants,2020,,2.35,,COL,Colombia,A,Normal value,0,Units,1,One
DATAFLOW,OECD.CFE.EDS:DSD_REG_HEALTH@DF_CARE(1.0),Health care - Regions,I,A,Annual,CTRY,Country,TUR,Türkiye,_Z,Not applicable,DOC,Active physicians,_T,Total,_T,Total,10P3HB,Per 1 000 inhabitants,2018,,1.88,,TUR,Türkiye,B,Time series break,0,Units,1,One
DATAFLOW,OECD.CFE.EDS:DSD_REG_HEALTH@DF_CARE(1.0),Health care - Regions,I,A,Annual,CTRY,Country,TUR,Türkiye,_Z,Not applicable,DOC,Active physicians,_T,Total,_T,Total,10P3HB,Per 1 000 inhabitants,2019,,1.95,,TUR,Türkiye,A,Normal value,0,Units,1,One
DATAFLOW,OECD.CFE.EDS:DSD_REG_HEALTH@DF_CARE(1.0),Health care - Regions,I,A,Annual,CTRY,Country,TUR,Türkiye,_Z,Not applicable,DOC,Active physicians,_T,Total,_T,Total,10P3HB,Per 1 000 inhabitants,2020,,2.05,,TUR,Türkiye,A,Normal value,0,Units,1,One
DATAFLOW,OECD.CFE.EDS:DSD_REG_HEALTH@DF_CARE(1.0),Health care - Regions,I,A,Annual,CTRY,Country,TUR,Türkiye,_Z,Not applicable,DOC,Active physicians,_T,Total,_T,Total,10P3HB,Per 1 000 inhabitants,2021,,2.18,,TUR,Türkiye,A,Normal value,0,Units,1,One
DATAFLOW,OECD.CFE.EDS:DSD_REG_HEALTH@DF_CARE(1.0),Health care - Regions,I,A,Annual,CTRY,Country,ISL,Iceland,_Z,Not applicable,DOC,Active physicians,_T,Total,_T,Total,10P3HB,Per 1 000 inhabitants,2018,,3.89,,ISL,Iceland,A,Normal value,0,Units,1,One
DATAFLOW,OECD.CFE.EDS:DSD_REG_HEALTH@DF_CARE(1.0),Health care - Regions,I,A,Annual,CTRY,Country,ISL,Iceland,_Z,Not applicable,DOC,Active physicians,_T,Total,_T,Total,10P3HB,Per 1 000 inhabitants,2019,,3.89,,ISL,Iceland,A,Normal value,0,Units,1,One
DATAFLOW,OECD.CFE.EDS:DSD_REG_HEALTH@DF_CARE(1.0),Health care - Regions,I,A,Annual,CTRY,Country,HRV,Croatia,_Z,Not applicable,DOC,Active physicians,_T,Total,_T,Total,10P3HB,Per 1 000 inhabitants,2018,,3.44,,HRV,Croatia,A,Normal value,0,Units,1,One
DATAFLOW,OECD.CFE.EDS:DSD_REG_HEALTH@DF_CARE(1.0),Health care - Regions,I,A,Annual,CTRY,Country,HRV,Croatia,_Z,Not applicable,DOC,Active physicians,_T,Total,_T,Total,10P3HB,Per 1 000 inhabitants,2019,,3.52,,HRV,Croatia,A,Normal value,0,Units,1,One
DATAFLOW,OECD.CFE.EDS:DSD_REG_HEALTH@DF_CARE(1.0),Health care - Regions,I,A,Annual,CTRY,Country,HRV,Croatia,_Z,Not applicable,DOC,Active physicians,_T,Total,_T,Total,10P3HB,Per 1 000 inhabitants,2020,,3.52,,HRV,Croatia,A,Normal value,0,Units,1,One
DATAFLOW,OECD.CFE.EDS:DSD_REG_HEALTH@DF_CARE(1.0),Health care - Regions,I,A,Annual,CTRY,Country,HRV,Croatia,_Z,Not applicable,DOC,Active physicians,_T,Total,_T,Total,10P3HB,Per 1 000 inhabitants,2021,,3.71,,HRV,Croatia,A,Normal value,0,Units,1,One
DATAFLOW,OECD.CFE.EDS:DSD_REG_HEALTH@DF_CARE(1.0),Health care - Regions,I,A,Annual,CTRY,Country,ROU,Romania,_Z,Not applicable,DOC,Active physicians,_T,Total,_T,Total,10P3HB,Per 1 000 inhabitants,2018,,3.05,,ROU,Romania,A,Normal value,0,Units,1,One
DATAFLOW,OECD.CFE.EDS:DSD_REG_HEALTH@DF_CARE(1.0),Health care - Regions,I,A,Annual,CTRY,Country,ROU,Romania,_Z,Not applicable,DOC,Active physicians,_T,Total,_T,Total,10P3HB,Per 1 000 inhabitants,2019,,3.19,,ROU,Romania,B,Time series break,0,Units,1,One
DATAFLOW,OECD.CFE.EDS:DSD_REG_HEALTH@DF_CARE(1.0),Health care - Regions,I,A,Annual,CTRY,Country,ROU,Romania,_Z,Not applicable,DOC,Active physicians,_T,Total,_T,Total,10P3HB,Per 1 000 inhabitants,2020,,3.33,,ROU,Romania,A,Normal value,0,Units,1,One
DATAFLOW,OECD.CFE.EDS:DSD_REG_HEALTH@DF_CARE(1.0),Health care - Regions,I,A,Annual,CTRY,Country,ROU,Romania,_Z,Not applicable,DOC,Active physicians,_T,Total,_T,Total,10P3HB,Per 1 000 inhabitants,2021,,3.51,,ROU,Romania,A,Normal value,0,Units,1,One
DATAFLOW,OECD.CFE.EDS:DSD_REG_HEALTH@DF_CARE(1.0),Health care - Regions,I,A,Annual,CTRY,Country,FRA,France,_Z,Not applicable,DOC,Active physicians,_T,Total,_T,Total,10P3HB,Per 1 000 inhabitants,2018,,3.14,,FRA,France,A,Normal value,0,Units,1,One
DATAFLOW,OECD.CFE.EDS:DSD_REG_HEALTH@DF_CARE(1.0),Health care - Regions,I,A,Annual,CTRY,Country,FRA,France,_Z,Not applicable,DOC,Active physicians,_T,Total,_T,Total,10P3HB,Per 1 000 inhabitants,2019,,3.17,,FRA,France,A,Normal value,0,Units,1,One
DATAFLOW,OECD.CFE.EDS:DSD_REG_HEALTH@DF_CARE(1.0),Health care - Regions,I,A,Annual,CTRY,Country,FRA,France,_Z,Not applicable,DOC,Active physicians,_T,Total,_T,Total,10P3HB,Per 1 000 inhabitants,2020,,3.18,,FRA,France,A,Normal value,0,Units,1,One
DATAFLOW,OECD.CFE.EDS:DSD_REG_HEALTH@DF_CARE(1.0),Health care - Regions,I,A,Annual,CTRY,Country,FRA,France,_Z,Not applicable,DOC,Active physicians,_T,Total,_T,Total,10P3HB,Per 1 000 inhabitants,2021,,3.18,,FRA,France,A,Normal value,0,Units,1,One
DATAFLOW,OECD.CFE.EDS:DSD_REG_HEALTH@DF_CARE(1.0),Health care - Regions,I,A,Annual,CTRY,Country,PRT,Portugal,_Z,Not applicable,DOC,Active physicians,_T,Total,_T,Total,10P3HB,Per 1 000 inhabitants,2018,,5.15,,PRT,Portugal,A,Normal value,0,Units,1,One
DATAFLOW,OECD.CFE.EDS:DSD_REG_HEALTH@DF_CARE(1.0),Health care - Regions,I,A,Annual,CTRY,Country,PRT,Portugal,_Z,Not applicable,DOC,Active physicians,_T,Total,_T,Total,10P3HB,Per 1 000 inhabitants,2019,,5.32,,PRT,Portugal,A,Normal value,0,Units,1,One
DATAFLOW,OECD.CFE.EDS:DSD_REG_HEALTH@DF_CARE(1.0),Health care - Regions,I,A,Annual,CTRY,Country,PRT,Portugal,_Z,Not applicable,DOC,Active physicians,_T,Total,_T,Total,10P3HB,Per 1 000 inhabitants,2020,,5.49,,PRT,Portugal,A,Normal value,0,Units,1,One
DATAFLOW,OECD.CFE.EDS:DSD_REG_HEALTH@DF_CARE(1.0),Health care - Regions,I,A,Annual,CTRY,Country,PRT,Portugal,_Z,Not applicable,DOC,Active physicians,_T,Total,_T,Total,10P3HB,Per 1 000 inhabitants,2021,,5.62,,PRT,Portugal,A,Normal value,0,Units,1,One
DATAFLOW,OECD.CFE.EDS:DSD_REG_HEALTH@DF_CARE(1.0),Health care - Regions,I,A,Annual,CTRY,Country,JPN,Japan,_Z,Not applicable,DOC,Active physicians,_T,Total,_T,Total,10P3HB,Per 1 000 inhabitants,2018,,2.49,,JPN,Japan,A,Normal value,0,Units,1,One
DATAFLOW,OECD.CFE.EDS:DSD_REG_HEALTH@DF_CARE(1.0),Health care - Regions,I,A,Annual,CTRY,Country,JPN,Japan,_Z,Not applicable,DOC,Active physicians,_T,Total,_T,Total,10P3HB,Per 1 000 inhabitants,2020,,2.6,,JPN,Japan,A,Normal value,0,Units,1,One
DATAFLOW,OECD.CFE.EDS:DSD_REG_HEALTH@DF_CARE(1.0),Health care - Regions,I,A,Annual,CTRY,Country,AUS,Australia,_Z,Not applicable,DOC,Active physicians,_T,Total,_T,Total,10P3HB,Per 1 000 inhabitants,2018,,3.94,,AUS,Australia,A,Normal value,0,Units,1,One
DATAFLOW,OECD.CFE.EDS:DSD_REG_HEALTH@DF_CARE(1.0),Health care - Regions,I,A,Annual,CTRY,Country,AUS,Australia,_Z,Not applicable,DOC,Active physicians,_T,Total,_T,Total,10P3HB,Per 1 000 inhabitants,2019,,4.02,,AUS,Australia,A,Normal value,0,Units,1,One
DATAFLOW,OECD.CFE.EDS:DSD_REG_HEALTH@DF_CARE(1.0),Health care - Regions,I,A,Annual,CTRY,Country,AUS,Australia,_Z,Not applicable,DOC,Active physicians,_T,Total,_T,Total,10P3HB,Per 1 000 inhabitants,2020,,4.1,,AUS,Australia,A,Normal value,0,Units,1,One
DATAFLOW,OECD.CFE.EDS:DSD_REG_HEALTH@DF_CARE(1.0),Health care - Regions,I,A,Annual,CTRY,Country,AUS,Australia,_Z,Not applicable,DOC,Active physicians,_T,Total,_T,Total,10P3HB,Per 1 000 inhabitants,2021,,4.22,,AUS,Australia,A,Normal value,0,Units,1,One
DATAFLOW,OECD.CFE.EDS:DSD_REG_HEALTH@DF_CARE(1.0),Health care - Regions,I,A,Annual,CTRY,Country,CHE,Switzerland,_Z,Not applicable,DOC,Active physicians,_T,Total,_T,Total,10P3HB,Per 1 000 inhabitants,2018,,4.34,,CHE,Switzerland,A,Normal value,0,Units,1,One
DATAFLOW,OECD.CFE.EDS:DSD_REG_HEALTH@DF_CARE(1.0),Health care - Regions,I,A,Annual,CTRY,Country,CHE,Switzerland,_Z,Not applicable,DOC,Active physicians,_T,Total,_T,Total,10P3HB,Per 1 000 inhabitants,2019,,4.35,,CHE,Switzerland,A,Normal value,0,Units,1,One
DATAFLOW,OECD.CFE.EDS:DSD_REG_HEALTH@DF_CARE(1.0),Health care - Regions,I,A,Annual,CTRY,Country,CHE,Switzerland,_Z,Not applicable,DOC,Active physicians,_T,Total,_T,Total,10P3HB,Per 1 000 inhabitants,2020,,4.39,,CHE,Switzerland,A,Normal value,0,Units,1,One
DATAFLOW,OECD.CFE.EDS:DSD_REG_HEALTH@DF_CARE(1.0),Health care - Regions,I,A,Annual,CTRY,Country,CHE,Switzerland,_Z,Not applicable,DOC,Active physicians,_T,Total,_T,Total,10P3HB,Per 1 000 inhabitants,2021,,4.44,,CHE,Switzerland,A,Normal value,0,Units,1,One
DATAFLOW,OECD.CFE.EDS:DSD_REG_HEALTH@DF_CARE(1.0),Health care - Regions,I,A,Annual,CTRY,Country,USA,United States,_Z,Not applicable,DOC,Active physicians,_T,Total,_T,Total,10P3HB,Per 1 000 inhabitants,2018,,2.58,,USA,United States,A,Normal value,0,Units,1,One
DATAFLOW,OECD.CFE.EDS:DSD_REG_HEALTH@DF_CARE(1.0),Health care - Regions,I,A,Annual,CTRY,Country,USA,United States,_Z,Not applicable,DOC,Active physicians,_T,Total,_T,Total,10P3HB,Per 1 000 inhabitants,2019,,3.18,,USA,United States,A,Normal value,0,Units,1,One
DATAFLOW,OECD.CFE.EDS:DSD_REG_HEALTH@DF_CARE(1.0),Health care - Regions,I,A,Annual,CTRY,Country,USA,United States,_Z,Not applicable,DOC,Active physicians,_T,Total,_T,Total,10P3HB,Per 1 000 inhabitants,2022,,3.24,,USA,United States,A,Normal value,0,Units,1,One
DATAFLOW,OECD.CFE.EDS:DSD_REG_HEALTH@DF_CARE(1.0),Health care - Regions,I,A,Annual,CTRY,Country,DEU,Germany,_Z,Not applicable,DOC,Active physicians,_T,Total,_T,Total,10P3HB,Per 1 000 inhabitants,2018,,4.31,,DEU,Germany,A,Normal value,0,Units,1,One
DATAFLOW,OECD.CFE.EDS:DSD_REG_HEALTH@DF_CARE(1.0),Health care - Regions,I,A,Annual,CTRY,Country,DEU,Germany,_Z,Not applicable,DOC,Active physicians,_T,Total,_T,Total,10P3HB,Per 1 000 inhabitants,2019,,4.4,,DEU,Germany,A,Normal value,0,Units,1,One
DATAFLOW,OECD.CFE.EDS:DSD_REG_HEALTH@DF_CARE(1.0),Health care - Regions,I,A,Annual,CTRY,Country,DEU,Germany,_Z,Not applicable,DOC,Active physicians,_T,Total,_T,Total,10P3HB,Per 1 000 inhabitants,2020,,4.47,,DEU,Germany,A,Normal value,0,Units,1,One
DATAFLOW,OECD.CFE.EDS:DSD_REG_HEALTH@DF_CARE(1.0),Health care - Regions,I,A,Annual,CTRY,Country,DEU,Germany,_Z,Not applicable,DOC,Active physicians,_T,Total,_T,Total,10P3HB,Per 1 000 inhabitants,2021,,4.53,,DEU,Germany,A,Normal value,0,Units,1,One
DATAFLOW,OECD.CFE.EDS:DSD_REG_HEALTH@DF_CARE(1.0),Health care - Regions,I,A,Annual,CTRY,Country,POL,Poland,_Z,Not applicable,DOC,Active physicians,_T,Total,_T,Total,10P3HB,Per 1 000 inhabitants,2018,,2.36,,POL,Poland,A,Normal value,0,Units,1,One
DATAFLOW,OECD.CFE.EDS:DSD_REG_HEALTH@DF_CARE(1.0),Health care - Regions,I,A,Annual,CTRY,Country,POL,Poland,_Z,Not applicable,DOC,Active physicians,_T,Total,_T,Total,10P3HB,Per 1 000 inhabitants,2019,,3.3,,POL,Poland,B,Time series break,0,Units,1,One
DATAFLOW,OECD.CFE.EDS:DSD_REG_HEALTH@DF_CARE(1.0),Health care - Regions,I,A,Annual,CTRY,Country,POL,Poland,_Z,Not applicable,DOC,Active physicians,_T,Total,_T,Total,10P3HB,Per 1 000 inhabitants,2020,,3.33,,POL,Poland,A,Normal value,0,Units,1,One
DATAFLOW,OECD.CFE.EDS:DSD_REG_HEALTH@DF_CARE(1.0),Health care - Regions,I,A,Annual,CTRY,Country,POL,Poland,_Z,Not applicable,DOC,Active physicians,_T,Total,_T,Total,10P3HB,Per 1 000 inhabitants,2021,,3.44,,POL,Poland,A,Normal value,0,Units,1,One
DATAFLOW,OECD.CFE.EDS:DSD_REG_HEALTH@DF_CARE(1.0),Health care - Regions,I,A,Annual,CTRY,Country,CAN,Canada,_Z,Not applicable,DOC,Active physicians,_T,Total,_T,Total,10P3HB,Per 1 000 inhabitants,2018,,2.42,,CAN,Canada,A,Normal value,0,Units,1,One
DATAFLOW,OECD.CFE.EDS:DSD_REG_HEALTH@DF_CARE(1.0),Health care - Regions,I,A,Annual,CTRY,Country,CAN,Canada,_Z,Not applicable,DOC,Active physicians,_T,Total,_T,Total,10P3HB,Per 1 000 inhabitants,2019,,2.43,,CAN,Canada,A,Normal value,0,Units,1,One
DATAFLOW,OECD.CFE.EDS:DSD_REG_HEALTH@DF_CARE(1.0),Health care - Regions,I,A,Annual,CTRY,Country,CAN,Canada,_Z,Not applicable,DOC,Active physicians,_T,Total,_T,Total,10P3HB,Per 1 000 inhabitants,2020,,2.43,,CAN,Canada,A,Normal value,0,Units,1,One
DATAFLOW,OECD.CFE.EDS:DSD_REG_HEALTH@DF_CARE(1.0),Health care - Regions,I,A,Annual,CTRY,Country,CAN,Canada,_Z,Not applicable,DOC,Active physicians,_T,Total,_T,Total,10P3HB,Per 1 000 inhabitants,2021,,2.46,,CAN,Canada,A,Normal value,0,Units,1,One
